{"_step":0,"_wandb":{"runtime":48},"PQN_RNN_lru_BreakoutEasy_model_Partial=True_SEED=0":{"_type":"video-file","sha256":"b6ce585e5c23621e975b0067f7f6c55131d7d700765379c351216653bace7c8c","size":4455,"path":"media/videos/PQN_RNN_lru_BreakoutEasy_model_Partial=True_SEED=0_0_b6ce585e5c23621e975b.gif","width":128,"height":128},"_timestamp":1.756124441811051e+09,"_runtime":48.8058094}