{"PQN_MLP_BreakoutEasy_model_Partial=False_SEED=0":{"size":473,"path":"media/videos/PQN_MLP_BreakoutEasy_model_Partial=False_SEED=0_0_595ae68b0936a80fb691.gif","width":128,"height":128,"_type":"video-file","sha256":"595ae68b0936a80fb691b09367cc80d8437d49099be2be650300e1e361d430df"},"_timestamp":1.756125605555586e+09,"_runtime":15.8199449,"_step":0,"_wandb":{"runtime":15}}