{"_step":0,"PQN_RNN_lru_BreakoutEasy_model_Partial=True_SEED=0":{"height":128,"_type":"video-file","sha256":"b6ce585e5c23621e975b0067f7f6c55131d7d700765379c351216653bace7c8c","size":4455,"path":"media/videos/PQN_RNN_lru_BreakoutEasy_model_Partial=True_SEED=0_0_b6ce585e5c23621e975b.gif","width":128},"_timestamp":1.7561243281184704e+09,"_wandb":{"runtime":52},"_runtime":52.7679163}